character_id,character_name,rarity,birth_year,death_year,faction,season,age,stage,character_type,luck,courage,command,combat,intelligence,politics,charisma,skill_1,skill_2,bond,biography,description
char_san_1101,刘备,core,161,223,刘备,S1,23,early,balanced,8.6,9,9.4,8.1,7.9,9.4,7.9,skill_1_5003,skill_2_5004,桃园;汉室宗亲,《先主传》,汉室宗亲。中山靖王之后，少孤贩履。灵帝末讨黄巾有功，除安喜尉，后弃官。
char_san_1102,关羽,legendary,160,220,刘备,S1,24,early,military,8.5,10,8.4,9,7,7.4,6.8,skill_1_4004,skill_2_4012,桃园;五虎;无双,《关羽传》,义薄云天。字云长，河东解人。亡命奔涿郡，随刘备起兵，与张飞为御侮。
char_san_1103,张飞,legendary,165,221,刘备,S1,19,early,military,10,7.3,10,10,7,6.7,7.1,skill_1_4002,skill_2_4012,桃园;五虎;无双,《张飞传》,喝断长坂。字益德，涿郡人。少与关羽俱事先主，羽年长数岁，飞兄事之。
char_san_1104,简雍,epic,161,243,刘备,S1,23,early,strategist,9.4,6.3,7.4,6.3,8.6,7.9,7.7,skill_1_3006,skill_2_3004,蜀汉文臣,《文臣合传》,字宪和，涿郡人。少与刘备善，随从周旋，为昭德将军。
char_san_1105,苏双,rare,150,200,刘备,S1,34,peak,strategist,8.4,4.9,7.8,5.6,7.1,7,8.4,skill_1_2006,skill_2_2001,无,《三国志》,演义衍生人物
char_san_1106,张世平,rare,150,200,刘备,S1,34,peak,strategist,6.5,5.3,6.8,6.8,8.4,7.8,6.6,skill_1_2003,skill_2_2003,无,《三国志》,演义衍生人物
char_san_1107,李立,common,150,200,刘备,S1,34,peak,military,7.9,7.3,6.2,7.5,5.4,5.6,4.8,skill_1_1006,skill_2_1004,无,《三国志》,演义衍生人物
char_san_1108,郭常,common,150,200,刘备,S1,34,peak,military,7.9,6.8,7.9,6.6,5.7,5.3,6.9,skill_1_1005,skill_2_1005,无,《三国志》,演义衍生人物
char_san_1109,刘辟,common,150,200,刘备,S1,34,peak,military,7.9,7.7,5.8,7.9,6.3,6.3,4.8,skill_1_1001,skill_2_1003,无,《三国志》,演义衍生人物
char_san_1110,龚都,common,150,200,刘备,S1,34,peak,military,6.3,5.6,7.9,7.9,4.7,5.4,7.3,skill_1_1001,skill_2_1001,无,《三国志》,演义衍生人物
char_san_1201,曹操,core,155,220,曹操,S1,29,peak,balanced,8.9,8.2,9.5,7.8,8.5,8.8,8.1,skill_1_5003,skill_2_5003,魏武;曹氏,《武帝纪》,乱世奸雄。字孟德，沛国谯人。灵帝时拜骑都尉，讨颍川黄巾，迁济南相，后为典军校尉。
char_san_1202,夏侯惇,legendary,157,220,曹操,S1,27,peak,military,10,6.9,10,9.8,7.5,9.7,3.5,skill_1_4003,skill_2_4007,魏武;夏侯;曹氏,《夏侯惇传》,曹操族弟。 字元让，沛国谯人。太祖初起，惇常为裨将，从征伐。
char_san_1203,夏侯渊,legendary,160,219,曹操,S1,24,early,military,10,8.1,9.6,9.4,4.3,8.5,8,skill_1_4002,skill_2_4002,魏武;夏侯;曹氏,《夏侯渊传》,曹操族弟。字妙才，惇族弟。太祖起兵，以别部司马、骑都尉从。
char_san_1204,曹仁,epic,168,223,曹操,S1,16,early,military,9.4,7.4,8.9,8,6.2,6.4,7.4,skill_1_3005,skill_2_3002,曹氏,《曹仁传》,曹操从弟。字子孝，少好弓马，后豪杰并起，阴结少年从太祖。
char_san_1205,曹纯,epic,170,210,曹操,S1,14,early,military,7.9,6.2,9,9.4,8,5.9,7.2,skill_1_3006,skill_2_3004,曹氏,《曹仁传》,曹仁之弟
char_san_1206,曹洪,epic,170,232,曹操,S1,14,early,military,9.3,8.5,7.2,7.2,8.7,6,6.1,skill_1_3002,skill_2_3006,曹氏,《曹洪传》,曹操从弟。字子廉，太祖讨董卓败于荥阳，洪以马与太祖，得脱。
char_san_1207,乐进,rare,158,218,曹操,S1,26,peak,military,8.4,8.4,6.8,8.4,6.7,6.8,5.2,skill_1_2002,skill_2_2001,魏武;五子良将,《乐进传》,曹操部将。字文谦，阳平卫国人。从曹操起兵，每战先登，迁右将军。
char_san_1208,于禁,rare,164,221,曹操,S1,20,early,military,8.4,7.1,7.6,7.7,7.8,5.4,4.9,skill_1_2005,skill_2_2003,魏武;五子良将,《于禁传》,曹操部将。字文则，泰山钜平人。曹操麾下名将，襄樊之战兵败投降关羽，后羞愧而死。
char_san_1209,吕虔,common,155,228,曹操,S1,29,peak,military,7.9,7.5,6.9,6,5.2,7,6.3,skill_1_1001,skill_2_1003,无,《吕虔传》,曹操部将
char_san_1210,张邈,common,150,195,曹操,S1,34,peak,military,6.4,7.9,6.2,7.6,7.5,5.5,4.5,skill_1_1006,skill_2_1002,无,《张邈传》,曹操盟友。字孟卓，东平寿张人。灵帝时为陈留太守，以侠闻。
char_san_1211,张超,common,152,195,曹操,S1,32,peak,military,7.5,7.9,7.1,6.6,5.9,4.5,7,skill_1_1001,skill_2_1003,无,《张超传》,张邈之弟
char_san_1212,卫兹,common,152,190,曹操,S1,32,peak,military,6.4,6.4,6.6,7.9,7.3,4.8,5.1,skill_1_1006,skill_2_1006,无,《三国志》,资曹起兵
char_san_1213,丁斐,common,155,220,曹操,S1,29,peak,military,7.2,7.2,7.2,7.1,5.4,3.7,6.7,skill_1_1001,skill_2_1003,无,《三国志》,曹操同乡
char_san_1214,裴潜,common,170,244,曹操,S1,14,early,military,7.9,7.9,5.9,5.6,6.3,4.6,6.3,skill_1_1002,skill_2_1005,无,《三国志》,曹魏后期重臣
char_san_1301,孙坚,core,155,191,孙坚,S1,29,peak,military,7.1,8.4,10,9.8,6.7,7.9,8,skill_1_5001,skill_2_5003,江东,《孙破虏传》,江东之虎。字文台，吴郡富春人。少以勇闻，讨黄巾、区星，拜长沙太守，封乌程侯。
char_san_1302,太史慈,legendary,166,206,孙坚,S1,18,early,military,9.4,8.3,9.6,9.3,8.5,8.5,6.4,skill_1_4001,skill_2_4008,江东,《太史慈传》,神射太史慈。字子义，东莱黄人。初为刘繇部下，后归孙策，助其平定江东，官至建昌都尉。
char_san_1303,黄盖,epic,150,215,孙坚,S1,34,peak,military,8.5,9.4,7.6,7.6,6.4,6.7,6.4,skill_1_3002,skill_2_3004,江东,《黄盖传》,江东宿将。字公覆，零陵泉陵人。初为郡吏，察孝廉，孙坚举义兵，盖从之。
char_san_1304,程普,epic,145,215,孙坚,S1,39,peak,military,8.2,9.4,8.7,7.9,5.9,6.4,6.5,skill_1_3006,skill_2_3003,江东,《程普传》,江东宿将。字德谋，右北平土垠人。初随孙坚征伐，讨黄巾、破董卓，皆有功。
char_san_1305,韩当,epic,155,226,孙坚,S1,29,peak,military,8.6,7.3,9.1,7.9,5.9,6.9,8,skill_1_3001,skill_2_3004,江东,《韩当传》,江东宿将。字义公，辽西令支人。便弓马，有膂力，幸于孙坚，从征伐周旋。
char_san_1306,朱治,epic,156,224,孙坚,S1,28,peak,military,8.9,8.4,7.7,8.2,6.3,7.9,5.7,skill_1_3001,skill_2_3003,江东,《朱治传》,江东宿将。
char_san_1307,祖茂,rare,150,191,孙坚,S1,34,peak,military,8.4,5.4,8,8.4,4.9,6.3,7.3,skill_1_2007,skill_2_2006,无,《三国志》,孙坚移屯梁东，为卓军所攻，令茂著帻诱敌，坚得间道脱走。
char_san_1308,孙贲,rare,150,210,孙坚,S1,34,peak,military,6.4,8.4,8.4,7.2,5.5,7.6,7,skill_1_2001,skill_2_2005,无,《三国志》,
char_san_1309,吴景,rare,150,203,孙坚,S1,34,peak,military,8.4,7.4,7.4,8.1,7.9,5.2,7.6,skill_1_2002,skill_2_2005,无,《三国志》,
char_san_1310,徐琨,rare,150,200,孙坚,S1,34,peak,military,8.4,8.4,6.7,8.4,7,5.8,5.4,skill_1_2002,skill_2_2004,无,《三国志》,
char_san_1401,袁绍,core,154,202,袁绍,S1,30,peak,balanced,9.3,7.4,9,7.9,8.9,9.2,8.9,skill_1_5002,skill_2_5003,四世三公;袁氏,《袁绍传》,四世三公。字本初，汝南汝阳人。灵帝时为中军校尉，与何进谋诛宦官。
char_san_1402,张郃,legendary,167,231,袁绍,S1,17,early,military,10,9.2,8.2,8.5,7.1,7.8,7.3,skill_1_4002,skill_2_4009,魏武;五子良将,《张郃传》,用兵巧变。字儁乂，河间鄚人。初属袁绍，后归曹操，为征西车骑将军，街亭之战破马谡。
char_san_1403,袁术,epic,155,199,袁绍,S1,29,peak,balanced,7.7,8.2,7.7,8.5,7.8,6.9,8.8,skill_1_3003,skill_2_3006,四世三公;袁氏,《袁术传》,四世三公。字公路，汝南汝阳人，绍从弟。灵帝时为虎贲中郎将。
char_san_1404,袁基,epic,145,190,袁绍,S1,39,peak,strategist,9.2,6.7,6.5,6.6,7.4,9.4,7.9,skill_1_3003,skill_2_3004,四世三公;袁氏,《三国志》,四世三公
char_san_1405,袁逢,epic,120,184,袁绍,S1,64,late,strategist,7.5,6.7,7.2,6,7.9,9.4,8.4,skill_1_3003,skill_2_3006,四世三公;袁氏,《三国志》,四世三公
char_san_1406,袁隗,epic,125,190,袁绍,S1,59,late,strategist,9.4,6.2,7.7,8.1,8.8,9.2,6.3,skill_1_3005,skill_2_3005,四世三公;袁氏,《三国志》,四世三公
char_san_1407,颜良,epic,160,200,袁绍,S1,24,early,military,9.2,8.9,8.9,5.9,5.8,8,6.9,skill_1_3005,skill_2_3004,袁氏,《颜良传》,河北名将。袁绍部将，骁勇善战，白马之战被关羽斩杀。
char_san_1408,文丑,epic,160,200,袁绍,S1,24,early,military,7.9,8.7,9.4,8.5,6,7.4,6.9,skill_1_3002,skill_2_3001,袁氏,《文丑传》,河北名将。袁绍部将，与颜良齐名，延津之战中曹军埋伏被杀。
char_san_1409,沮授,rare,155,200,袁绍,S1,29,peak,strategist,7.7,5.2,4.9,8.4,6.6,7.3,8.4,skill_1_2006,skill_2_2001,袁氏,《三国志》,袁绍智囊，多献良策，未被采纳，后被曹操俘虏，拒降被杀。
char_san_1410,田丰,rare,153,200,袁绍,S1,31,peak,strategist,6.8,6.3,6.9,5.7,8,8.4,8.4,skill_1_2008,skill_2_2005,袁氏,《三国志》,袁绍智囊，因谏阻袁绍伐曹而入狱，官渡之战后被杀。
char_san_1411,审配,rare,156,204,袁绍,S1,28,peak,strategist,8.4,5.2,5.8,6.8,7.8,8.4,7.2,skill_1_2004,skill_2_2002,袁氏,《三国志》,袁绍智囊
char_san_1412,逢纪,rare,150,202,袁绍,S1,34,peak,strategist,8.4,6.9,5.6,7.7,7.6,8.4,6,skill_1_2007,skill_2_2005,袁氏,《三国志》,袁绍智囊
char_san_1413,郭图,common,150,205,袁绍,S1,34,peak,strategist,7.8,4.5,6.3,5.2,7.2,7.3,7.3,skill_1_1005,skill_2_1001,无,《三国志》,袁绍谋士
char_san_1414,许攸,common,150,204,袁绍,S1,34,peak,strategist,7.9,5.7,5.8,5.2,6.5,5,7.9,skill_1_1005,skill_2_1006,无,《三国志》,袁绍谋士
char_san_1415,辛评,common,155,204,袁绍,S1,29,peak,strategist,6.2,6.5,4.5,4.7,7.9,6.4,7.9,skill_1_1006,skill_2_1002,无,《三国志》,袁绍谋士
char_san_1416,辛毗,common,157,234,袁绍,S1,27,peak,strategist,7.9,4.9,5.4,7.3,6.8,7.8,7,skill_1_1005,skill_2_1001,无,《三国志》,袁绍谋士
char_san_1501,董卓,core,138,192,董卓,S1,46,late,military,10,8,9.1,8.8,6.5,8.7,7.3,skill_1_5002,skill_2_5004,酒池肉林,《董卓传》,西凉军阀。字仲颖，陇西临洮人。少好侠，尝游羌中，以健侠知名。灵帝时为并州牧。
char_san_1502,徐荣,legendary,150,192,董卓,S1,34,peak,balanced,9.1,8.9,9.2,8,9.2,8.4,8.5,skill_1_4001,skill_2_4009,无双;酒池肉林,《三国志》,董卓最强嫡系
char_san_1503,董旻,epic,140,192,董卓,S1,44,peak,military,7.8,8.8,9.3,7.5,5.9,6.7,6.4,skill_1_3005,skill_2_3003,酒池肉林,《三国志》,董卓亲弟
char_san_1504,牛辅,epic,150,192,董卓,S1,34,peak,military,7.8,7.6,9.1,9.1,6.9,6,6.5,skill_1_3001,skill_2_3005,酒池肉林,《三国志》,董卓女婿
char_san_1505,华雄,epic,150,191,董卓,S1,34,peak,military,7.9,9,9,6.4,6.1,7.6,7.2,skill_1_3001,skill_2_3003,酒池肉林,《华雄传》,董卓部将。董卓部将，骁勇善战，关东联军讨董卓时，被孙坚所杀。
char_san_1506,李儒,epic,150,192,董卓,S1,34,peak,strategist,7.7,6.5,8.1,6.3,7.5,9,7.9,skill_1_3004,skill_2_3002,酒池肉林,《三国志》,董卓谋士
char_san_1507,李傕,rare,150,198,董卓,S1,34,peak,military,8,6.7,7.9,6.8,7.4,5.5,6.5,skill_1_2005,skill_2_2005,董卓四将,《李傕传》,董卓四将之首
char_san_1508,郭汜,rare,150,197,董卓,S1,34,peak,military,8.4,7.9,7.8,6.6,5.4,6.6,6.2,skill_1_2001,skill_2_2002,董卓四将,《郭汜传》,董卓四将之二
char_san_1509,樊稠,rare,150,192,董卓,S1,34,peak,military,8.3,8.3,7.3,6,6.7,5.9,5.6,skill_1_2006,skill_2_2006,董卓四将,《樊稠传》,董卓四将之三
char_san_1510,张汲,rare,150,196,董卓,S1,34,peak,military,6.6,8.4,8.4,5.9,7.8,5.9,5.8,skill_1_2005,skill_2_2004,董卓四将,《张汲传》,董卓四将之四
char_san_1511,胡轸,common,150,192,董卓,S1,34,peak,military,7.9,7.9,5,7.9,5,5,7.2,skill_1_1002,skill_2_1001,无,《三国志》,凉州部将
char_san_1512,段煨,common,140,209,董卓,S1,44,peak,military,7.1,7.9,7.3,6.3,5.2,5.9,7.5,skill_1_1001,skill_2_1001,无,《三国志》,凉州部将
char_san_1513,董越,common,150,192,董卓,S1,34,peak,military,7.9,5.9,6.3,7.9,4.8,6.6,6.5,skill_1_1001,skill_2_1001,无,《三国志》,凉州部将
char_san_1514,董璜,common,150,192,董卓,S1,34,peak,military,6.7,7.9,7,7.9,6.1,5.9,5.8,skill_1_1005,skill_2_1001,无,《三国志》,凉州部将
char_san_1515,李蒙,common,150,195,董卓,S1,34,peak,military,7.5,7.2,6.1,7.9,6.5,5.4,6.3,skill_1_1006,skill_2_1002,无,《三国志》,凉州部将
char_san_1516,王方,common,150,195,董卓,S1,34,peak,military,7.1,7.5,6.8,6.1,4.3,5.2,7.3,skill_1_1001,skill_2_1003,无,《三国志》,凉州部将
char_san_1517,杨定,common,150,195,董卓,S1,34,peak,military,7.1,6.5,7.9,6.7,5.8,6.6,5.1,skill_1_1006,skill_2_1002,无,《三国志》,凉州部将
char_san_1518,伍习,common,150,197,董卓,S1,34,peak,military,7.1,6.3,7.3,6.2,6.9,4.6,6.4,skill_1_1001,skill_2_1005,无,《三国志》,凉州部将
char_san_1519,胡赤儿,common,150,192,董卓,S1,34,peak,military,5.4,7.9,6.8,7.5,5.4,4.9,7.9,skill_1_1005,skill_2_1006,无,《三国志》,凉州部将
char_san_1520,刘靖,common,150,192,董卓,S1,34,peak,military,7.6,5.1,7.5,7.2,6.5,5.1,5.3,skill_1_1006,skill_2_1003,无,《三国志》,凉州支系
char_san_1521,杨奉,common,150,197,董卓,S1,34,peak,military,7.9,6.1,5,7.9,4.7,7.2,6.4,skill_1_1005,skill_2_1003,无,《三国志》,凉州支系
char_san_1522,韩暹,common,150,197,董卓,S1,34,peak,military,7.9,5.9,7.7,7.9,5.5,6,4.6,skill_1_1001,skill_2_1003,无,《三国志》,凉州支系
char_san_1523,李乐,common,150,197,董卓,S1,34,peak,military,6.2,7.6,7.9,7.1,7.9,4.4,6.5,skill_1_1002,skill_2_1005,无,《三国志》,凉州支系
char_san_1524,胡才,common,150,196,董卓,S1,34,peak,military,5.8,6.6,7.8,7.5,4.4,5.9,7.4,skill_1_1002,skill_2_1002,无,《三国志》,凉州支系
char_san_1525,周慎,common,150,192,董卓,S1,34,peak,military,5.7,7.6,7.9,6.6,5.6,6.3,6.2,skill_1_1006,skill_2_1002,无,《三国志》,凉州支系
char_san_1526,董承,common,150,200,董卓,S1,34,peak,military,6.6,7.4,7.5,7.9,6.1,5.9,5.4,skill_1_1006,skill_2_1002,无,《三国志》,凉州支系
char_san_1601,刘宏,core,156,189,汉室,S1,28,peak,balanced,8.8,8.5,8.8,9.1,8.6,7.7,7.8,skill_1_5001,skill_2_5003,汉室宗亲,《灵帝纪》,肃宗玄孙。孝灵皇帝，在位宠信宦官，朝政日乱，黄巾起。
char_san_1602,何进,epic,150,189,汉室,S1,34,peak,military,8.4,8,6.9,9.4,6,6.6,6.6,skill_1_3002,skill_2_3002,东汉名仕,《何进传》,汉大将军。字遂高，南阳宛人。以异妹为皇后，拜大将军，谋诛宦官，事泄被杀。
char_san_1603,何苗,epic,152,189,汉室,S1,32,peak,military,9.2,8.1,7.3,8.6,5.9,6.7,6.3,skill_1_3001,skill_2_3005,无,《三国志》,何进之弟，为车骑将军，与宦官交通，后为乱兵所杀。
char_san_1604,丁原,epic,150,189,汉室,S1,34,peak,military,9.4,7.3,9.4,7.2,6.4,6.4,6.7,skill_1_3002,skill_2_3005,东汉名仕,《丁原传》,字建阳，本出自寒家，为人粗略，有武勇。灵帝崩，将兵诣洛阳，与何进谋诛宦官。后任并州刺史。
char_san_1605,皇甫嵩,epic,137,195,汉室,S1,47,late,military,7.1,9.4,7.4,9.4,7.6,6.5,7.5,skill_1_3005,skill_2_3006,汉末三将;东汉名仕,《皇甫嵩传》,汉末三将。字义真，安定朝那人。为左中郎将，破黄巾，威震天下。
char_san_1606,朱儁,epic,140,195,汉室,S1,44,peak,military,7.4,8.2,9.4,9.4,5.9,6.8,6.4,skill_1_3005,skill_2_3004,汉末三将;东汉名仕,《朱儁传》,汉末三将。字公伟，会稽上虞人。与皇甫嵩共讨黄巾，拜右车骑将军。
char_san_1607,卢植,epic,139,192,汉室,S1,45,peak,balanced,8.3,8.3,7.3,9.1,8,7.6,7.9,skill_1_3001,skill_2_3006,汉末三将;东汉名仕,《卢植传》,汉末三将。字子干，涿郡涿人。灵帝时为北中郎将，讨张角，后以谏争免官。刘备恩师。
char_san_1608,张让,epic,150,189,汉室,S1,34,peak,balanced,7.9,8.1,7.7,8,7.3,7.8,7.8,skill_1_3002,skill_2_3001,十常侍,《三国志》,颍川人，灵帝时中常侍，封列侯，与赵忠等擅权。
char_san_1609,赵忠,epic,150,189,汉室,S1,34,peak,balanced,8.1,7.1,7.9,7.3,8.6,8.9,7.3,skill_1_3001,skill_2_3005,十常侍,《三国志》,安平人，灵帝时中常侍，与张让并贵。
char_san_1610,杨彪,epic,142,225,汉室,S1,42,peak,balanced,8.5,7.4,8.4,7.8,7.3,7,8.4,skill_1_3004,skill_2_3004,东汉名仕,《杨彪传》,字文先，弘农华阴人。灵帝时累迁司徒、司空。
char_san_1611,刘陶,epic,135,185,汉室,S1,49,late,balanced,8.6,7.4,8.4,8.6,6.7,7,7.8,skill_1_3002,skill_2_3006,东汉名仕,《刘陶传》,汉室宗亲、名士，以直言敢谏著称
char_san_1612,张温,epic,143,191,汉室,S1,41,peak,balanced,8.9,7.8,8.1,7.9,8.3,7.6,9.4,skill_1_3006,skill_2_3001,东汉名仕;汉末忠烈,《张温传》,东汉三公太尉
char_san_1613,陈耽,epic,135,185,汉室,S1,49,late,balanced,7.7,7.5,8.1,8.5,8.2,7.5,7.3,skill_1_3006,skill_2_3003,东汉名仕;汉末忠烈,《陈耽传》,东汉三公司徒
char_san_1614,张济,epic,140,187,汉室,S1,44,peak,balanced,8.3,8.1,7.4,7.9,8.2,7.8,7.6,skill_1_3002,skill_2_3003,东汉名仕;汉末忠烈,《张济传》,东汉三公司空
char_san_1615,傅燮,rare,150,187,汉室,S1,34,peak,military,7.8,5.9,8.4,8.2,6.9,5.1,6.8,skill_1_2005,skill_2_2003,汉末忠烈,《傅燮传》,
char_san_1616,臧洪,rare,160,195,汉室,S1,24,early,military,8.3,8.4,7.3,7,6,5.9,8.2,skill_1_2006,skill_2_2007,汉末忠烈,《臧洪传》,
char_san_1617,孟佗,rare,145,190,汉室,S1,39,peak,balanced,8,7.4,6.9,8.1,7.1,6.6,8.4,skill_1_2002,skill_2_2005,东汉十三州,《孟佗传》,司隶校尉部，遭受黄巾之乱之扰
char_san_1618,郭勋,rare,150,184,汉室,S1,34,peak,balanced,7.7,7.2,8.2,7.7,8.4,7.1,7.1,skill_1_2002,skill_2_2004,东汉十三州,《郭勋传》,冀州刺史，遭受黄巾之乱之扰
char_san_1619,张懿,rare,153,188,汉室,S1,31,peak,balanced,6.6,7.7,7.7,7.4,6.5,8.2,7.9,skill_1_2006,skill_2_2006,东汉十三州,《张懿传》,并州刺史，遭受黄巾之乱之扰，后调任凉州刺史
char_san_1620,焦和,rare,155,189,汉室,S1,29,peak,balanced,7.3,6.6,7.2,8.1,7.7,7.9,7,skill_1_2006,skill_2_2006,东汉十三州,《焦和传》,青州刺史，遭受黄巾之乱之扰
char_san_1621,桥瑁,rare,150,191,汉室,S1,34,peak,balanced,6.8,7.9,7.3,8,7.5,6.4,6.6,skill_1_2007,skill_2_2005,东汉十三州,《桥瑁传》,兖州刺史，遭受黄巾之乱之扰
char_san_1622,王允,rare,137,192,汉室,S1,47,late,balanced,7.9,7.9,7.7,6.7,6.5,8,6.8,skill_1_2005,skill_2_2006,东汉十三州,《王允传》,豫州刺史，遭受黄巾之乱之扰，后调任司隶校尉部
char_san_1623,陶谦,rare,132,194,汉室,S1,52,late,balanced,7.8,7.1,6.7,7.7,7.6,6.7,7.7,skill_1_2006,skill_2_2004,东汉十三州,《陶谦传》,徐州刺史，遭受黄巾之乱之扰
char_san_1418,孔伷,rare,150,192,汉室,S1,34,peak,balanced,8.4,7.6,7,8.2,7,7.1,6.9,skill_1_2008,skill_2_2002,东汉十三州,《孔伷传》,调任豫州刺史
char_san_1624,邹靖,common,150,185,汉室,S1,34,peak,military,7.4,7.4,6.1,7.9,5.6,6.2,7,skill_1_1006,skill_2_1003,无,《三国志》,
char_san_1625,郭典,common,150,185,汉室,S1,34,peak,military,6,6.5,7.8,7.9,4.6,4.7,6.8,skill_1_1005,skill_2_1004,无,《三国志》,
char_san_1626,刘陶,common,125,185,汉室,S1,59,late,military,7.5,7.9,7,6.7,4.8,5.5,6.7,skill_1_1001,skill_2_1001,无,《三国志》,
char_san_1627,夏育,common,150,185,汉室,S1,34,peak,military,6.8,7.1,7.9,6.9,5.4,5.8,5,skill_1_1005,skill_2_1002,无,《三国志》,
char_san_1629,徐璆,common,150,209,汉室,S1,34,peak,military,7.9,6.6,7.9,5.6,5.2,5.8,7.9,skill_1_1001,skill_2_1004,无,《三国志》,
char_san_1630,赵谦,common,150,192,汉室,S1,34,peak,military,7.9,5.4,7.8,6.5,5.7,5,6.3,skill_1_1006,skill_2_1002,无,《三国志》,
char_san_1631,吕强,common,150,184,汉室,S1,34,peak,military,6.8,7,7.7,7.3,4.8,7.1,4.7,skill_1_1002,skill_2_1004,无,《三国志》,
char_san_1632,张杨,common,150,198,汉室,S1,34,peak,military,7.9,7.9,7.3,6.4,4.6,7.4,5.5,skill_1_1002,skill_2_1003,无,《张杨传》,张懿麾下
char_san_1633,张济,common,153,196,汉室,S1,31,peak,military,7.9,7.6,5.9,7.2,7.9,4.5,4.5,skill_1_1006,skill_2_1001,无,《三国志》,张懿麾下
char_san_1634,张绣,common,160,207,汉室,S1,24,early,military,5.7,7.3,7.9,6.8,5,5.1,7.9,skill_1_1002,skill_2_1001,无,《张绣传》,张懿麾下，北地枪王
char_san_1635,刘卫,common,150,184,汉室,S1,34,peak,military,6.1,6.1,7.9,7.9,5.9,5.2,4.9,skill_1_1005,skill_2_1002,无,《三国志》,巨鹿太守
char_san_1636,李旻,common,160,189,汉室,S1,24,early,military,7.3,6,7.9,7.9,5.8,5.3,5.8,skill_1_1001,skill_2_1003,无,《三国志》,颍川太守
char_san_1637,牵招,common,150,233,汉室,S1,34,peak,military,7.9,7.9,6.2,6.3,7,5.6,5.9,skill_1_1006,skill_2_1004,无,《三国志》,冀州都尉
char_san_1638,鲍信,common,151,192,汉室,S1,33,peak,military,6,6,7.4,7.9,4.5,4.6,7.9,skill_1_1001,skill_2_1004,无,《三国志》,济北都尉
char_san_1639,鲍忠,common,153,192,汉室,S1,31,peak,military,6.1,6.6,7.9,6.6,4.4,7.9,4.5,skill_1_1001,skill_2_1003,无,《三国志》,鲍信之弟
char_san_1640,臧霸,common,165,227,汉室,S1,19,early,military,7.9,5.9,7.3,6.5,7.9,4.4,5.3,skill_1_1005,skill_2_1001,无,《臧霸传》,东海都尉
char_san_1701,张角,core,140,184,黄巾,S1,44,peak,balanced,8.8,9.1,9,7.9,8.2,8.2,8.1,skill_1_5004,skill_2_5002,太平道,《张角传》,黄巾首领。巨鹿人，奉事黄老道，号 “太平道”，中平元年起兵，自称天公将军。
char_san_1702,张宝,epic,150,184,黄巾,S1,34,peak,balanced,8.1,8.1,8.9,7.6,7.5,8.5,9,skill_1_3003,skill_2_3005,太平道,《张宝传》,张角之弟。称地公将军，与嵩战于下曲阳，兵败被杀。
char_san_1703,张梁,epic,150,184,黄巾,S1,34,peak,balanced,8.1,7.4,8,7.4,7.4,8.3,8.1,skill_1_3003,skill_2_3003,太平道,《张梁传》,张角之弟。称人公将军，与嵩战于广宗，夜溃，梁战死。
char_san_1704,马元义,rare,150,184,黄巾,S1,34,peak,military,6.7,8.4,7.7,8.4,5.8,7.1,5.9,skill_1_2002,skill_2_2006,太平弟子,《三国志》,张角八大弟子
char_san_1705,张曼成,rare,150,184,黄巾,S1,34,peak,military,7.7,8.4,6,8.4,5.2,7.1,6.7,skill_1_2006,skill_2_2004,太平弟子,《三国志》,张角八大弟子
char_san_1706,波才,rare,150,184,黄巾,S1,34,peak,military,8,8.4,8.4,6.2,6.2,6.8,5.7,skill_1_2006,skill_2_2004,太平弟子,《三国志》,张角八大弟子
char_san_1707,彭脱,rare,150,184,黄巾,S1,34,peak,military,7.1,7.4,8.4,7.6,6.2,5.2,6.6,skill_1_2006,skill_2_2006,太平弟子,《三国志》,张角八大弟子
char_san_1708,卜己,rare,150,184,黄巾,S1,34,peak,military,7.8,7.7,7.8,8,5.1,6.6,6.1,skill_1_2006,skill_2_2007,太平弟子,《三国志》,张角八大弟子
char_san_1709,赵弘,rare,150,184,黄巾,S1,34,peak,military,8.4,8.4,6,6.7,5.9,5.6,7.5,skill_1_2002,skill_2_2008,太平弟子,《三国志》,张角八大弟子
char_san_1710,韩忠,rare,150,184,黄巾,S1,34,peak,military,8.4,8,7.7,6.4,5.2,7.2,6.4,skill_1_2002,skill_2_2008,太平弟子,《三国志》,张角八大弟子
char_san_1711,唐周,rare,154,184,黄巾,S1,30,peak,military,8,8.4,8,6.6,5.6,7.3,6.6,skill_1_2005,skill_2_2004,太平弟子,《三国志》,张角八大弟子
char_san_1712,张燕,common,150,225,黄巾,S1,34,peak,military,7.4,7.4,6.5,7.3,7.3,4.5,5,skill_1_2008,skill_2_2005,无,《张燕传》,分支渠帅
char_san_1713,张牛角,common,150,185,黄巾,S1,34,peak,military,7,7.8,6.3,6.1,5.5,6.7,5,skill_1_1006,skill_2_1003,无,《三国志》,分支渠帅
char_san_1714,梁仲宁,common,150,184,黄巾,S1,34,peak,military,7,6.1,6.5,7.9,6.2,5.7,6.2,skill_1_1005,skill_2_1003,无,《三国志》,分支渠帅
char_san_1715,张伯,common,150,184,黄巾,S1,34,peak,military,7.6,6.8,6.7,7.7,6.5,4.9,6.2,skill_1_1005,skill_2_1006,无,《三国志》,分支渠帅
char_san_1716,孙夏,common,150,184,黄巾,S1,34,peak,military,7.8,7.4,5.1,7,5.4,6.5,5.4,skill_1_1002,skill_2_1006,无,《三国志》,分支渠帅
char_san_1001,黄忠,legendary,147,220,通用,S1,37,peak,military,7.7,9.3,10,8,7,7,7.3,skill_1_4001,skill_2_4007,五虎,《黄忠传》,字汉升，南阳人。长沙都尉，初属刘表，后归刘备，定军山斩夏侯渊，迁后将军。
char_san_1002,赵云,legendary,158,229,通用,S1,26,peak,balanced,7.9,8.4,8.4,8.7,8.6,9.6,9.5,skill_1_4004,skill_2_4002,五虎;无双;白马,《赵云传》,一身是胆
char_san_1003,公孙瓒,epic,150,199,通用,S1,34,peak,balanced,7.5,7.3,8.9,7.8,7.7,7.1,8.6,skill_1_3003,skill_2_3005,白马,《公孙瓒传》,白马将军。字伯珪，辽西令支人。灵帝时为涿令，讨黄巾有功，迁骑都尉。
char_san_1004,李文侯,epic,145,186,通用,S1,39,peak,military,7.7,7.7,9.4,7.8,8.5,6.6,6.6,skill_1_3001,skill_2_3006,西凉军阀,《三国志》,湟中义从胡二号首领，184 年与北宫伯玉共同发起凉州叛乱，劫持边章、韩遂为名义领袖，掌叛乱军先锋战力，186 年联军内斗中被韩遂斩杀。
char_san_1005,边章,epic,143,186,通用,S1,41,peak,military,9.4,9.4,6.6,7.8,8,6.5,7.1,skill_1_3006,skill_2_3006,西凉军阀,《三国志》,凉州士族名士、前新安令，184 年被北宫伯玉、李文侯劫持，成为凉州叛乱的名义领袖，仅负责造势无实际兵权，186 年联军内斗中遭韩遂杀害。
char_san_1006,韩遂,epic,150,215,通用,S1,34,peak,military,7.4,8.5,8.5,9,7.5,6.1,7.1,skill_1_3006,skill_2_3002,西凉军阀,《三国志》,凉州知名士族，184 年被裹挟入凉州叛乱，186 年诛杀边章、北宫伯玉等人夺权，187 年与马腾结盟形成韩马联军成为凉州核心反汉势力，割据凉州三十余年，215 年败于曹魏后被部下所杀。
char_san_1007,马腾,epic,150,212,通用,S1,34,peak,military,9.4,8.6,8.3,6.5,8.6,6,6.9,skill_1_3006,skill_2_3003,西凉军阀,《三国志》,凉州军司马。字寿成，扶风茂陵人。马超之父，后为曹操所杀。
char_san_1008,刘虞,rare,150,193,通用,S1,34,peak,balanced,7.6,6.9,7.8,7.4,7.5,7.6,7.8,skill_1_2005,skill_2_2005,东汉十三州,《刘虞传》,幽州刺史
char_san_1009,王叡,rare,155,189,通用,S1,29,peak,balanced,7.8,8,7.5,8,7.6,6.8,6.9,skill_1_2001,skill_2_2002,东汉十三州,《王叡传》,荆州刺史
char_san_1010,臧旻,rare,145,189,通用,S1,39,peak,balanced,7.6,6.3,6.5,8.1,6.6,8.2,7.9,skill_1_2007,skill_2_2006,东汉十三州,《臧旻传》,扬州刺史
char_san_1011,郤俭,rare,150,188,通用,S1,34,peak,balanced,7.3,7.6,6.8,7.8,7,6.8,8.1,skill_1_2008,skill_2_2007,东汉十三州,《郤俭传》,益州刺史
char_san_1012,梁鹄,rare,155,225,通用,S1,29,peak,balanced,8.1,7.2,7.7,7.1,6.8,7,7.2,skill_1_2005,skill_2_2002,东汉十三州,《梁鹄传》,凉州刺史
char_san_1013,朱符,rare,160,193,通用,S1,24,early,balanced,7.7,8.1,7.2,6.9,6.9,8.2,7.5,skill_1_2006,skill_2_2002,东汉十三州,《朱符传》,交州刺史
char_san_1014,韩馥,rare,150,191,通用,S1,34,peak,balanced,7.3,7.4,8,7.8,7.3,8,7.6,skill_1_2006,skill_2_2007,东汉十三州,《韩馥传》,冀州州牧
char_san_1015,刘岱,rare,150,192,通用,S1,34,peak,balanced,8,6.8,7.2,7.9,7.6,8.4,7.6,skill_1_2005,skill_2_2004,东汉十三州,《刘岱传》,兖州州牧
char_san_1016,黄琬,rare,141,192,通用,S1,43,peak,balanced,7.8,7,6.9,7.5,7.6,6,7.3,skill_1_2004,skill_2_2008,东汉十三州,《黄琬传》,豫州州牧，治绩天下第一，清廉著称
char_san_1017,刘表,rare,142,208,通用,S1,42,peak,balanced,6.7,7.6,7.7,7.3,8,7.5,7,skill_1_2007,skill_2_2004,东汉十三州,《刘表传》,荆州州牧
char_san_1018,陈温,rare,155,193,通用,S1,29,peak,balanced,7.6,7.4,7,7.6,7.7,7.3,6.2,skill_1_2007,skill_2_2002,东汉十三州,《陈温传》,扬州州牧
char_san_1019,刘焉,rare,135,194,通用,S1,49,late,balanced,6.9,7.7,7.8,8.4,8,8.1,6.7,skill_1_2001,skill_2_2005,东汉十三州,《刘焉传》,益州州牧，建议 “废史立牧”。
char_san_1020,刘璋,rare,150,219,通用,S1,34,peak,balanced,8.1,6.9,6.5,7.6,6.8,7.1,8.2,skill_1_2008,skill_2_2001,东汉十三州,《刘璋传》,继任益州州牧，刘焉之子，后降刘备。
char_san_1021,来达,rare,150,184,通用,S1,34,peak,balanced,7.9,7.8,6.4,6.6,6.7,7.2,7.9,skill_1_2008,skill_2_2006,东汉十三州,《来达传》,交州州牧
char_san_1022,贾琮,rare,150,195,通用,S1,34,peak,balanced,6.5,7.3,6.7,7.2,8,7.7,7.9,skill_1_2004,skill_2_2001,东汉十三州,《贾琮传》,继任交州州牧
char_san_1023,郑玄,rare,127,200,通用,S1,57,late,strategist,8.4,6.7,5.8,7.5,5.8,8.3,8.4,skill_1_2004,skill_2_2006,东汉隐士,《三国志》,东汉顶级经学大师，无正式官职，隐居治学授徒，坚拒朝廷征辟，门徒数百千人。
char_san_1024,管宁,rare,158,241,通用,S1,26,peak,strategist,5.5,8.4,5.5,5.7,8.4,8.2,8.4,skill_1_2007,skill_2_2001,东汉隐士,《管宁传》,北海名门，经学大家，隐居治学授徒，拒绝州郡征辟，以孝义教化乡里
char_san_1025,邴原,rare,159,211,通用,S1,25,peak,strategist,6.4,7.5,6.5,5.4,7.5,8.4,8.4,skill_1_2008,skill_2_2007,东汉隐士,《三国志》,寒门名士，精通《春秋》，隐居治学，与管宁齐名，拒绝朝廷及地方征辟
char_san_1026,王烈,rare,151,218,通用,S1,33,peak,strategist,8.4,6.6,7.9,4.9,8.4,6.9,7.2,skill_1_2004,skill_2_2006,东汉隐士,《三国志》,北海名士，以经学、孝义著称，辞官隐居，拒绝一切官方征辟
char_san_1027,庞德公,rare,148,200,通用,S1,36,peak,strategist,8.4,5.5,5.7,8.4,7.5,6.2,7.5,skill_1_2008,skill_2_2003,东汉隐士,《三国志》,荆州隐士领袖，耕读为生，拒绝一切官方征辟，为荆州士林标杆
char_san_1028,司马徽,rare,147,208,通用,S1,37,peak,strategist,6.6,8.2,5.9,5.1,8.4,8.4,7.2,skill_1_2006,skill_2_2002,东汉隐士,《三国志》,号 “水镜先生”，颍川名士避乱南下，隐居授徒，精通经学、识人，谦厚不评人短长
char_san_1029,黄承彦,rare,145,200,通用,S1,39,peak,strategist,8.1,5.7,7.1,6.5,6.4,8.1,7.1,skill_1_2007,skill_2_2006,东汉隐士,《三国志》,荆州士族名士，隐居不仕，与庞德公、司马徽为至交，诸葛亮岳父
char_san_1030,崔钧,rare,150,200,通用,S1,34,peak,strategist,6.6,6.6,4.9,6,6.7,8.4,8.4,skill_1_2005,skill_2_2003,东汉隐士,《三国志》,博陵崔氏世家，不满宦官专权辞官，避黄巾之乱南下襄阳
char_san_1031,石韬,rare,160,200,通用,S1,24,early,strategist,8.4,5.7,7.7,5.5,7,8.4,5.6,skill_1_2008,skill_2_2003,东汉隐士,《三国志》,颍川名士，避黄巾之乱南下，隐居治学，与诸葛亮同窗交游
char_san_1032,孟建,rare,158,200,通用,S1,26,peak,strategist,6.1,5.3,6,7,8.4,8.4,8.4,skill_1_2006,skill_2_2007,东汉隐士,《三国志》,汝南名士，避黄巾之乱南下，隐居治学，与诸葛亮、石韬同窗
char_san_1033,周舒,rare,148,209,通用,S1,36,peak,strategist,6.7,4.9,5.1,8.4,7.9,8.4,8.2,skill_1_2005,skill_2_2001,东汉隐士,《三国志》,益州本土顶级经学大家，隐居治学，拒绝一切官方征辟
char_san_1034,董扶,rare,142,195,通用,S1,42,peak,strategist,6.8,5.6,5.4,7.8,8.4,8.4,6.5,skill_1_2003,skill_2_2001,东汉隐士,《三国志》,经学大家，曾为东汉侍中，不满宦官专权归蜀隐居，拒绝征辟
char_san_1035,任安,rare,140,202,通用,S1,44,peak,strategist,6.6,5.4,8.4,5.2,8.4,8.4,8.4,skill_1_2007,skill_2_2005,东汉隐士,《三国志》,益州本土隐士，经学大家，隐居授徒，拒绝一切官方征辟，与董扶齐名
char_san_1036,许劭,rare,150,195,通用,S1,34,peak,strategist,6.5,6.1,7.1,7.1,8.4,6.8,8.4,skill_1_2006,skill_2_2002,东汉隐士,《三国志》,汝南名士，无正式官职，坚拒官府一切征辟，主持 “月旦评” 为士林标杆
char_san_1037,袁闳,rare,137,184,通用,S1,47,late,strategist,8,6,5.8,6.1,7,8.3,6.8,skill_1_2008,skill_2_2002,东汉隐士,《三国志》,汝南袁氏世家（袁绍、袁术从弟），拒绝世家荫蔽，隐居躬耕，不涉宗族事务
char_san_1038,韩康,rare,126,200,通用,S1,58,late,strategist,8.4,7.9,4.9,5.5,8.4,6.5,8.4,skill_1_2006,skill_2_2003,东汉隐士,《三国志》,东汉著名隐士，精通医药，隐居采药卖药，坚守本心，拒绝一切朝廷征辟
char_san_1039,孔融,rare,153,208,通用,S1,31,peak,strategist,5.3,6.6,5.4,6.3,8.4,8.2,7.7,skill_1_2003,skill_2_2008,东汉俊秀,《孔融传》,孔子后人。字文举，鲁国人，孔子二十世孙。灵帝时辟司徒杨赐府。
char_san_1040,边让,rare,151,193,通用,S1,33,peak,strategist,6.7,8.2,6,5.5,8.4,6.5,8.2,skill_1_2006,skill_2_2003,东汉俊秀,《三国志》,陈留浚仪人，与孔融、陶丘洪并称 “俊秀”，时任大将军何进府令史（何进征辟）
char_san_1041,陶丘洪,rare,153,190,通用,S1,31,peak,strategist,8.2,6.2,7.1,5.7,7,6.3,7.5,skill_1_2005,skill_2_2004,东汉俊秀,《三国志》,与孔融、边让同列 “后进冠盖”
char_san_1042,张修,rare,140,191,通用,S1,44,peak,strategist,8.4,5,6.3,8.4,8.4,7.7,6.1,skill_1_2005,skill_2_2008,五斗米道,《三国志》,五斗米道首领，号 “五斗米师”
char_san_1043,张鲁,rare,160,216,通用,S1,24,early,strategist,5.6,5.7,5,8.4,7.7,8.4,8.4,skill_1_2006,skill_2_2003,五斗米道,《张鲁传》,汉中教主。字公祺，沛国丰人。继任五斗米道首领，割据汉中，后降曹操。
char_san_1044,士燮,common,137,226,通用,S1,47,late,military,7.9,5.4,6.6,7.9,4.5,5.9,7.9,skill_1_1006,skill_2_1005,无,《士燮传》,交趾太守
char_san_1045,秦颉,common,150,186,通用,S1,34,peak,military,7.5,6.8,5.6,7.9,4.9,6.9,6.5,skill_1_1001,skill_2_1001,无,《三国志》,南阳太守
char_san_1046,褚贡,common,150,184,通用,S1,34,peak,military,7.3,7.9,6.4,7,5.4,5.4,5.1,skill_1_1006,skill_2_1004,无,《三国志》,南阳太守
char_san_1047,陈登,common,167,201,通用,S1,17,early,military,5.6,7.9,7.5,7.9,5.8,6,4.9,skill_1_1005,skill_2_1005,无,《三国志》,东郡都尉
char_san_1048,贾龙,common,160,191,通用,S1,24,early,military,6.4,7.9,5.6,7.9,6.2,4.6,6.3,skill_1_1006,skill_2_1001,无,《三国志》,益州都尉
,,,,,,,,,,,,,,,,,,,,,
,,,,,,,,,,,,,,,,,,,,,
,,,,,,,,,,,,,,,,,,,,,
,,,,,,,,,,,,,,,,,,,,,
,,,,,,,,,,,,,,,,,,,,,

