troop_id,troop_name,rarity,troop_type,max_troops,range,attack,defense,speed,movement,infantry_counter,cavalry_counter,archer_counter,siege_counter,plain_adapt,hill_adapt,forest_adapt,siege_adapt,skill_3,skill_4,description
troop_san_1101,冀州部曲,common,infantry,150,1,30,26,4,3,1.00,0.90,1.10,1.00,1.0,1.0,1.0,1.1,,,
troop_san_1102,冀州轻弓,common,archer,150,3,35,22,3,3,0.90,1.20,1.00,0.90,1.0,0.9,1.1,0.9,,,
troop_san_1103,冀州轻骑,rare,cavalry,300,1,75,44,6,4,1.10,1.00,1.20,1.10,1.2,0.9,0.8,0.9,,,
troop_san_1104,平原义军,epic,infantry,450,1,95,74,5,4,1.00,0.90,1.10,1.00,1.0,1.0,1.0,1.1,,,
troop_san_1105,平原强弓,epic,archer,450,3,101,68,5,3,0.90,1.20,1.00,0.90,1.0,0.9,1.1,0.9,,,
troop_san_1106,丹阳兵,legendary,infantry,600,1,130,105,6,4,1.00,0.90,1.10,1.00,1.0,1.0,1.0,1.1,,,江淮劲卒，悍勇善战
troop_san_1107,燕云十八,legendary,cavalry,18,2,2330,1260,6,6,1.20,1.00,1.20,1.20,1.2,1.0,0.9,0.9,,万人敌,张飞亲卫，无惧无畏
troop_san_1108,胡氏卫队,epic,cavalry,300,1,140,77,5,5,1.10,1.00,1.20,1.10,1.2,0.9,0.8,0.9,,,关羽正室，胡氏卫队
troop_san_1201,兖州部曲,common,infantry,150,1,32,25,4,3,1.00,0.90,1.10,1.00,1.0,1.0,1.0,1.1,,,
troop_san_1202,兖州轻弓,common,archer,150,3,36,21,3,3,0.90,1.20,1.00,0.90,1.0,0.9,1.1,0.9,,,
troop_san_1203,兖州轻骑,rare,cavalry,300,1,80,42,6,4,1.10,1.00,1.20,1.10,1.2,0.9,0.8,0.9,,,
troop_san_1204,宗族近卫,epic,infantry,450,1,99,72,5,4,1.00,0.90,1.10,1.00,1.0,1.0,1.0,1.1,,,
troop_san_1205,宗族强弓,epic,archer,450,3,105,66,5,3,0.90,1.20,1.00,0.90,1.0,0.9,1.1,0.9,,,
troop_san_1206,虎卫军,legendary,infantry,600,1,139,115,6,4,1.00,1.00,1.10,1.00,1.0,1.0,1.0,1.1,,,曹操近卫，精锐虎卫
troop_san_1207,虎豹骑,legendary,cavalry,600,1,155,96,6,6,1.10,1.10,1.20,1.10,1.2,1.0,0.9,0.9,,,曹氏宗亲，中央精锐
troop_san_1208,丁氏卫队,epic,cavalry,300,1,144,70,5,5,1.10,1.00,1.20,1.10,1.2,0.9,0.8,0.9,,,曹操正室，丁氏卫队
troop_san_1209,卞氏卫队,epic,cavalry,300,1,135,79,5,5,1.10,1.00,1.20,1.10,1.2,0.9,0.8,0.9,,,曹操侧室，卞氏卫队
troop_san_1301,徐州部曲,common,infantry,150,1,33,23,5,3,1.00,0.90,1.10,1.00,1.0,1.0,1.0,1.1,,,
troop_san_1302,徐州轻弓,common,archer,150,3,36,20,4,3,0.90,1.20,1.00,0.90,1.0,0.9,1.1,0.9,,,
troop_san_1303,徐州轻骑,rare,cavalry,300,1,78,40,7,4,1.10,1.00,1.20,1.10,1.2,0.9,0.8,0.9,,,
troop_san_1304,持刀水匪,epic,infantry,450,1,98,70,6,4,1.00,0.90,1.10,1.00,1.0,1.0,1.0,1.1,,,
troop_san_1305,马刀突骑,epic,cavalry,450,1,102,66,6,5,1.10,1.00,1.20,1.10,1.2,0.9,0.8,0.9,,无视地形,
troop_san_1306,解烦卫,legendary,infantry,600,1,115,135,6,4,1.00,0.90,1.10,1.00,1.0,1.0,1.0,1.1,,,权孙十万，解烦近卫
troop_san_1307,锦帆卫,legendary,archer,600,4,155,80,6,5,0.90,1.30,1.00,0.90,1.0,0.9,1.1,0.9,,,甘宁亲随，锦帆水军
troop_san_1308,吴氏卫队,epic,archer,300,3,120,84,5,3,0.90,1.20,1.00,0.90,1.0,0.9,1.1,0.9,,,孙坚正室，吴氏卫队
troop_san_1401,冀州部曲,common,infantry,150,1,30,25,4,3,1.00,0.90,1.10,1.00,1.0,1.0,1.0,1.1,,,
troop_san_1402,冀州轻弓,common,archer,150,3,34,22,3,3,0.90,1.20,1.00,0.90,1.0,0.9,1.1,0.9,,,
troop_san_1403,冀州轻骑,rare,cavalry,300,1,76,41,6,4,1.10,1.00,1.20,1.10,1.2,0.9,0.8,0.9,,,
troop_san_1404,大戟士,epic,infantry,450,2,90,69,5,4,1.00,1.10,0.80,1.00,1.0,1.0,1.0,1.1,,,张郃亲随，大戟长枪
troop_san_1405,乌巢骑,epic,cavalry,450,1,99,66,5,4,1.10,1.00,1.20,1.10,1.2,0.9,0.8,0.9,,,袁绍亲兵，镇守中枢
troop_san_1406,先登死士,legendary,infantry,600,2,125,101,6,4,1.00,1.30,0.80,1.00,1.0,1.0,1.0,1.1,,,袁氏先锋，骑兵克星
troop_san_1407,虎贲神射,legendary,archer,600,4,151,88,6,5,0.90,1.30,1.00,0.90,1.0,0.9,1.1,0.9,,,袁氏神射，箭在人在
troop_san_1408,刘氏卫队,epic,cavalry,300,1,140,72,5,5,1.10,1.00,1.20,1.10,1.2,0.9,0.8,0.9,,,袁绍正室，刘氏卫队
troop_san_1409,冯氏卫队,epic,cavalry,300,1,131,82,5,5,1.10,1.00,1.20,1.10,1.2,0.9,0.8,0.9,,,袁术侧室，冯氏卫队
troop_san_1501,并州部曲,common,infantry,150,1,31,24,5,3,1.00,0.90,1.10,1.00,1.0,1.0,1.0,1.1,,,
troop_san_1502,并州轻弓,common,archer,150,3,35,22,4,3,0.90,1.20,1.00,0.90,1.0,0.9,1.1,0.9,,,
troop_san_1503,飞熊兵,rare,cavalry,300,1,84,39,6,5,1.10,1.00,1.20,1.10,1.2,0.9,0.8,0.9,,,董家飞熊，中坚轻骑
troop_san_1504,泰山兵,epic,infantry,450,1,92,79,4,4,1.00,0.90,1.10,1.00,1.0,1.0,1.0,1.1,,,泰山豪杰，彪悍耐战
troop_san_1505,白波兵,epic,archer,450,3,99,69,5,3,0.90,1.20,1.00,0.90,1.0,0.9,1.1,0.9,,,黄巾残魂，精锐余部
troop_san_1506,陷阵营,legendary,infantry,600,2,133,111,6,4,1.00,1.00,1.10,1.00,1.0,1.0,1.0,1.1,,,高顺陷阵，以一当十
troop_san_1507,并州铁骑,legendary,cavalry,600,1,151,92,6,5,1.10,1.00,1.20,1.10,1.2,0.9,0.8,0.9,,,并州精骑，骁勇善战
troop_san_1508,貂蝉卫队,epic,cavalry,300,1,144,72,5,5,1.10,1.00,1.20,1.10,1.2,0.9,0.8,0.9,,,
troop_san_1601,司隶部曲,common,infantry,150,1,31,24,2,4,1.00,0.90,1.10,1.00,1.0,1.0,1.0,1.1,,,
troop_san_1602,司隶轻弓,common,archer,150,3,33,24,3,3,0.90,1.20,1.00,0.90,1.0,0.9,1.1,0.9,,,
troop_san_1603,司隶轻骑,rare,cavalry,300,1,72,44,6,4,1.10,1.00,1.20,1.10,1.2,0.9,0.8,0.9,,,
troop_san_1604,三辅强弓,epic,archer,450,3,107,67,4,4,0.90,1.20,1.00,0.90,1.0,0.9,1.1,0.9,,,
troop_san_1605,三辅义从,epic,cavalry,450,1,101,70,5,5,1.10,1.00,1.20,1.10,1.2,0.9,0.8,0.9,,,
troop_san_1606,京畿铁卫,legendary,infantry,600,1,133,116,6,3,1.00,1.00,1.10,1.00,1.0,1.0,1.0,1.1,,,京畿重甲，皇室铁卫
troop_san_1607,京畿重弩,legendary,archer,600,4,152,80,6,4,1.00,1.40,1.10,0.80,1.0,1.0,1.1,1.2,,精致维护,京畿重弩，高价高质
troop_san_1608,文姬卫队,epic,cavalry,300,1,139,74,5,5,1.10,1.00,1.20,1.10,1.2,0.9,0.8,0.9,,,
troop_san_1701,青州天兵,common,infantry,150,1,28,22,4,4,1.00,0.90,1.10,1.00,1.0,1.0,1.0,1.1,,,
troop_san_1702,青州神射,common,archer,150,3,30,18,4,3,0.90,1.20,1.00,0.90,1.0,0.9,1.1,0.9,,,
troop_san_1703,豫州天兵,rare,infantry,300,1,56,46,4,4,1.00,0.90,1.10,1.00,1.0,1.0,1.0,1.1,,,
troop_san_1704,豫州神射,rare,archer,300,3,66,44,4,3,0.90,1.20,1.00,0.90,1.0,0.9,1.1,0.9,,,
troop_san_1705,黑山轻骑,rare,cavalry,300,1,70,39,6,5,1.10,1.00,1.20,1.10,1.2,0.9,0.8,0.9,,,
troop_san_1706,黑山劫匪,epic,infantry,450,1,88,66,6,5,1.00,0.90,1.10,1.00,1.0,1.0,1.0,1.1,,,
troop_san_1707,黑山猎手,epic,archer,450,3,94,64,5,4,0.90,1.20,1.00,0.90,1.0,0.9,1.2,0.9,,,
troop_san_1708,南阳精锐,epic,infantry,450,1,99,69,6,4,1.00,0.90,1.10,1.00,1.0,1.0,1.0,1.1,,,
troop_san_1709,南阳突骑,epic,cavalry,450,1,104,66,5,5,1.10,1.00,1.20,1.10,1.2,0.9,0.8,0.9,,无视地形,
troop_san_1710,地公枪卫,legendary,infantry,600,2,122,108,6,4,1.00,1.10,1.00,1.00,1.0,1.0,1.0,1.1,,,地公将军，精锐枪卫
troop_san_1711,人公侠卫,legendary,archer,600,4,144,84,7,4,0.90,1.30,1.00,0.90,1.0,0.9,1.2,0.9,,,人公将军，精锐侠卫
troop_san_1712,天公近卫,legendary,cavalry,600,1,149,91,6,5,1.10,1.00,1.20,1.10,1.2,0.9,0.8,0.9,,,天公将军，精锐近卫
troop_san_17x1,轻装民兵,common,infantry,999,1,12,14,3,2,0.90,0.90,0.90,1.00,1.0,1.0,1.0,1.1,,,
troop_san_17x2,轻装枪兵,common,infantry,999,2,16,10,3,2,0.90,1.00,0.80,1.00,1.0,1.0,1.0,1.1,,,
troop_san_17x3,流民(男),common,infantry,999,1,4,8,2,2,0.80,0.80,0.70,1.00,1.0,1.0,1.0,1.1,,,
troop_san_17x4,流民(女),common,infantry,999,1,2,4,2,2,0.80,0.80,0.70,1.00,1.0,1.0,1.0,1.1,,,
troop_san_1001,武装近卫,rare,infantry,300,1,64,52,5,4,1.00,0.90,1.10,1.00,1.0,1.0,1.0,1.1,,,东汉豪杰，义勇近卫
troop_san_1002,武装游侠,rare,archer,300,3,70,45,4,3,0.90,1.30,1.00,0.90,1.0,0.9,1.2,0.9,,,东汉豪杰，义勇游侠
troop_san_1003,羌族劫匪,epic,infantry,450,1,86,68,6,5,1.00,0.90,1.10,1.00,1.0,1.0,1.0,1.1,,,
troop_san_1004,羌族猎手,epic,archer,450,4,88,56,6,3,0.90,1.20,1.00,0.90,1.0,0.9,1.2,0.9,,,
troop_san_1005,湟中义从,epic,cavalry,450,1,108,60,6,4,1.10,1.00,1.20,1.10,1.2,0.9,0.8,0.9,,,凉州羌胡，精锐骑兵
troop_san_1006,凉州铁骑,legendary,cavalry,600,1,150,99,6,5,1.10,1.00,1.20,1.10,1.2,0.9,0.8,0.9,,,凉州精骑，骁勇善战
troop_san_1007,柳氏卫队,epic,archer,300,3,122,80,5,3,0.90,1.20,1.00,0.90,1.0,0.9,1.1,0.9,,,韩遂正室，柳氏卫队
troop_san_1008,王氏卫队,epic,archer,300,3,108,88,5,3,0.90,1.20,1.00,0.90,1.0,0.9,1.1,0.9,,,马腾正室，王氏卫队
troop_san_1009,北军枪卫(S1),core,infantry,999,2,199,169,6,4,1.00,1.40,1.00,1.20,1.0,1.1,1.1,1.2,,天下无双,冀州北军，枪术无双
troop_san_1010,北军铁骑(S1),core,cavalry,999,1,255,166,6,6,1.20,1.20,1.20,1.20,1.2,1.0,0.9,1.0,,天下无双,冀州北军，无畏铁骑
troop_san_1011,御林铁卫(S1),core,infantry,999,1,220,199,4,4,1.20,1.00,1.40,1.00,1.2,1.1,1.1,1.0,,天下无双,司隶支柱，刀枪不入
troop_san_1012,白马义从(S1),core,cavalry,999,1,240,155,7,7,1.20,1.00,1.40,1.20,1.4,0.9,0.9,0.9,,天下无双,幽州白马，神出鬼没
,,,,,,,,,,,,,,,,,,,,
,,,,,,,,,,,,,,,,,,,,
,,,,,,,,,,,,,,,,,,,,
,,,,,,,,,,,,,,,,,,,,
,,,,,,,,,,,,,,,,,,,,
,,,,,,,,,,,,,,,,,,,,
,,,,,,,,,,,,,,,,,,,,

